"Country Group Code","Country Group","Group M49 Code","Country Code","Country","M49 Code","ISO2 Code","ISO3 Code"
"5000","Africa","001","123","Liberia","430","LR","LBR"
"5000","Africa","001","124","Libya","434","LY","LBY"
"5000","Africa","001","137","Mauritius","480","MU","MUS"
"5000","Africa","001","143","Morocco","504","MA","MAR"
"5000","Africa","001","144","Mozambique","508","MZ","MOZ"
"5000","Africa","001","159","Nigeria","566","NG","NGA"
"5000","Africa","001","196","Seychelles","690","SC","SYC"
"5000","Africa","001","209","Eswatini","748","SZ","SWZ"
"5000","Africa","001","217","Togo","768","TG","TGO"
"5000","Africa","001","222","Tunisia","788","TN","TUN"
"5000","Africa","001","4","Algeria","012","DZ","DZA"
"5000","Africa","001","75","Gambia","270","GM","GMB"
"5000","Africa","001","81","Ghana","288","GH","GHA"
"5101","Africa","014","114","Kenya","404","KE","KEN"
"5101","Africa","014","137","Mauritius","480","MU","MUS"
"5101","Africa","014","144","Mozambique","508","MZ","MOZ"
"5101","Africa","014","181","Zimbabwe","716","ZW","ZWE"
"5101","Africa","014","182","Réunion","638","RE","REU"
"5101","Africa","014","184","Rwanda","646","RW","RWA"
"5101","Africa","014","196","Seychelles","690","SC","SYC"
"5101","Africa","014","251","Zambia","894","ZM","ZMB"
"5102","Africa","017","46","Congo","178","CG","COG"
"5103","Africa","015","276","Sudan","729","SD","SDN"
"5103","Africa","015","4","Algeria","012","DZ","DZA"
"5104","Africa","018","122","Lesotho","426","LS","LSO"
"5104","Africa","018","202","South Africa","710","ZA","ZAF"
"5105","Africa","011","136","Mauritania","478","MR","MRT"
"5105","Africa","011","159","Nigeria","566","NG","NGA"
"5105","Africa","011","175","Guinea-Bissau","624","GW","GNB"
"5105","Africa","011","81","Ghana","288","GH","GHA"
"5801","Africa","199","122","Lesotho","426","LS","LSO"
"5801","Africa","199","123","Liberia","430","LR","LBR"
"5801","Africa","199","133","Mali","466","ML","MLI"
"5801","Africa","199","184","Rwanda","646","RW","RWA"
"5801","Africa","199","217","Togo","768","TG","TGO"
"5801","Africa","199","39","Chad","148","TD","TCD"
"5801","Africa","199","45","Comoros","174","KM","COM"
"5801","Africa","199","75","Gambia","270","GM","GMB"
"5802","Africa","432","184","Rwanda","646","RW","RWA"
"5802","Africa","432","20","Botswana","072","BW","BWA"
"5802","Africa","432","233","Burkina Faso","854","BF","BFA"
"5803","Africa","722","196","Seychelles","690","SC","SYC"
"5815","Africa","901","130","Malawi","454","MW","MWI"
"5815","Africa","901","144","Mozambique","508","MZ","MOZ"
"5815","Africa","901","197","Sierra Leone","694","SL","SLE"
"5815","Africa","901","233","Burkina Faso","854","BF","BFA"
"5815","Africa","901","250","Democratic Republic of the Congo","180","CD","COD"
"5815","Africa","901","39","Chad","148","TD","TCD"
"5817","Africa","902","184","Rwanda","646","RW","RWA"
"5817","Africa","902","209","Eswatini","748","SZ","SWZ"
"5817","Africa","902","238","Ethiopia","231","ET","ETH"
"5817","Africa","902","39","Chad","148","TD","TCD"
"5858","Africa","904","217","Togo","768","TG","TGO"
"5858","Africa","904","29","Burundi","108","BI","BDI"
"5858","Africa","904","39","Chad","148","TD","TCD"
"5859","Africa","905","107","Côte d'Ivoire","384","CI","CIV"
"5859","Africa","905","209","Eswatini","748","SZ","SWZ"
"5859","Africa","905","90","Guinea","324","GN","GIN"
"9011","Africa","906","124","Libya","434","LY","LBY"
"9011","Africa","906","4","Algeria","012","DZ","DZA"
"5000","Americas","001","138","Mexico","484","MX","MEX"
"5000","Americas","001","170","Peru","604","PE","PER"
"5000","Americas","001","189","Saint Lucia","662","LC","LCA"
"5000","Americas","001","21","Brazil","076","BR","BRA"
"5000","Americas","001","22","Aruba","533","AW","ABW"
"5000","Americas","001","231","United States of America","840","US","USA"
"5000","Americas","001","234","Uruguay","858","UY","URY"
"5000","Americas","001","239","British Virgin Islands","092","VG","VGB"
"5000","Americas","001","258","Anguilla","660","AI","AIA"
"5000","Americas","001","33","Canada","124","CA","CAN"
"5000","Americas","001","44","Colombia","170","CO","COL"
"5000","Americas","001","69","French Guiana","254","GF","GUF"
"5000","Americas","001","87","Guadeloupe","312","GP","GLP"
"5000","Americas","001","95","Honduras","340","HN","HND"
"5203","Americas","021","33","Canada","124","CA","CAN"
"5204","Americas","013","157","Nicaragua","558","NI","NIC"
"5204","Americas","013","89","Guatemala","320","GT","GTM"
"5205","Americas","419","138","Mexico","484","MX","MEX"
"5205","Americas","419","166","Panama","591","PA","PAN"
"5205","Americas","419","177","Puerto Rico","630","PR","PRI"
"5205","Americas","419","189","Saint Lucia","662","LC","LCA"
"5205","Americas","419","207","Suriname","740","SR","SUR"
"5205","Americas","419","258","Anguilla","660","AI","AIA"
"5205","Americas","419","40","Chile","152","CL","CHL"
"5205","Americas","419","48","Costa Rica","188","CR","CRI"
"5205","Americas","419","60","El Salvador","222","SV","SLV"
"5205","Americas","419","9","Argentina","032","AR","ARG"
"5206","Americas","029","135","Martinique","474","MQ","MTQ"
"5206","Americas","029","14","Barbados","052","BB","BRB"
"5206","Americas","029","151","Netherlands Antilles (former)","530","AN","ANT"
"5206","Americas","029","36","Cayman Islands","136","KY","CYM"
"5207","Americas","005","169","Paraguay","600","PY","PRY"
"5207","Americas","005","170","Peru","604","PE","PER"
"5207","Americas","005","44","Colombia","170","CO","COL"
"5207","Americas","005","58","Ecuador","218","EC","ECU"
"5801","Americas","199","93","Haiti","332","HT","HTI"
"5803","Americas","722","135","Martinique","474","MQ","MTQ"
"5803","Americas","722","189","Saint Lucia","662","LC","LCA"
"5803","Americas","722","22","Aruba","533","AW","ABW"
"5803","Americas","722","239","British Virgin Islands","092","VG","VGB"
"5803","Americas","722","258","Anguilla","660","AI","AIA"
"5803","Americas","722","280","Sint Maarten (Dutch part)","534","F280","SXM"
"5803","Americas","722","86","Grenada","308","GD","GRD"
"5803","Americas","722","91","Guyana","328","GY","GUY"
"5815","Americas","901","93","Haiti","332","HT","HTI"
"5817","Americas","902","14","Barbados","052","BB","BRB"
"5817","Americas","902","170","Peru","604","PE","PER"
"5859","Americas","905","93","Haiti","332","HT","HTI"
"9010","Americas","903","14","Barbados","052","BB","BRB"
"9010","Americas","903","166","Panama","591","PA","PAN"
"9010","Americas","903","239","British Virgin Islands","092","VG","VGB"
"9010","Americas","903","280","Sint Maarten (Dutch part)","534","F280","SXM"
"9010","Americas","903","33","Canada","124","CA","CAN"
"9010","Americas","903","40","Chile","152","CL","CHL"
"9011","Americas","906","138","Mexico","484","MX","MEX"
"9011","Americas","906","191","Saint Vincent and the Grenadines","670","VC","VCT"
"9011","Americas","906","86","Grenada","308","GD","GRD"
"9011","Americas","906","89","Guatemala","320","GT","GTM"
"5000","Annex I countries","001","142","Montserrat","500","MS","MSR"
"5000","Annex I countries","001","36","Cayman Islands","136","KY","CYM"
"5000","Annex I countries","001","98","Croatia","191","HR","HRV"
"5205","Annex I countries","419","69","French Guiana","254","GF","GUF"
"5206","Annex I countries","029","177","Puerto Rico","630","PR","PRI"
"5300","Annex I countries","142","50","Cyprus","196","CY","CYP"
"5400","Annex I countries","150","126","Lithuania","440","LT","LTU"
"5400","Annex I countries","150","198","Slovenia","705","SI","SVN"
"5400","Annex I countries","150","84","Greece","300","GR","GRC"
"5402","Annex I countries","154","210","Sweden","752","SE","SWE"
"5402","Annex I countries","154","229","United Kingdom of Great Britain and Northern Ireland","826","GB","GBR"
"5403","Annex I countries","039","84","Greece","300","GR","GRC"
"5404","Annex I countries","155","79","Germany","276","DE","DEU"
"5501","Annex I countries","053","10","Australia","036","AU","AUS"
"5503","Annex I countries","057","88","Guam","316","GU","GUM"
"5803","Annex I countries","722","142","Montserrat","500","MS","MSR"
"9010","Annex I countries","903","198","Slovenia","705","SI","SVN"
"5000","Asia","001","102","Iran (Islamic Republic of)","364","IR","IRN"
"5000","Asia","001","103","Iraq","368","IQ","IRQ"
"5000","Asia","001","105","Israel","376","IL","ISR"
"5000","Asia","001","115","Cambodia","116","KH","KHM"
"5000","Asia","001","118","Kuwait","414","KW","KWT"
"5000","Asia","001","121","Lebanon","422","LB","LBN"
"5000","Asia","001","128","China, Macao SAR","446","MO","MAC"
"5000","Asia","001","131","Malaysia","458","MY","MYS"
"5000","Asia","001","171","Philippines","608","PH","PHL"
"5000","Asia","001","2","Afghanistan","004","AF","AFG"
"5000","Asia","001","200","Singapore","702","SG","SGP"
"5000","Asia","001","212","Syrian Arab Republic","760","SY","SYR"
"5000","Asia","001","26","Brunei Darussalam","096","BN","BRN"
"5000","Asia","001","299","Palestine","275","F299","PSE"
"5000","Asia","001","96","China, Hong Kong SAR","344","HK","HKG"
"5301","Asia","143","108","Kazakhstan","398","KZ","KAZ"
"5302","Asia","030","117","Republic of Korea","410","KR","KOR"
"5302","Asia","030","128","China, Macao SAR","446","MO","MAC"
"5302","Asia","030","351","China","159","F351","F351"
"5302","Asia","030","41","China, mainland","156","CN","CHN"
"5302","Asia","030","96","China, Hong Kong SAR","344","HK","HKG"
"5303","Asia","034","102","Iran (Islamic Republic of)","364","IR","IRN"
"5304","Asia","035","101","Indonesia","360","ID","IDN"
"5304","Asia","035","200","Singapore","702","SG","SGP"
"5304","Asia","035","26","Brunei Darussalam","096","BN","BRN"
"5304","Asia","035","28","Myanmar","104","MM","MMR"
"5305","Asia","145","13","Bahrain","048","BH","BHR"
"5305","Asia","145","179","Qatar","634","QA","QAT"
"5305","Asia","145","212","Syrian Arab Republic","760","SY","SYR"
"5305","Asia","145","221","Oman","512","OM","OMN"
"5305","Asia","145","299","Palestine","275","F299","PSE"
"5305","Asia","145","50","Cyprus","196","CY","CYP"
"5305","Asia","145","73","Georgia","268","GE","GEO"
"5707","Asia","097","50","Cyprus","196","CY","CYP"
"5801","Asia","199","115","Cambodia","116","KH","KHM"
"5801","Asia","199","176","Timor-Leste","626","TL","TLS"
"5801","Asia","199","2","Afghanistan","004","AF","AFG"
"5802","Asia","432","108","Kazakhstan","398","KZ","KAZ"
"5802","Asia","432","141","Mongolia","496","MN","MNG"
"5803","Asia","722","176","Timor-Leste","626","TL","TLS"
"5817","Asia","902","112","Jordan","400","JO","JOR"
"9010","Asia","903","105","Israel","376","IL","ISR"
"9010","Asia","903","110","Japan","392","JP","JPN"
"9010","Asia","903","118","Kuwait","414","KW","KWT"
"9010","Asia","903","179","Qatar","634","QA","QAT"
"9010","Asia","903","194","Saudi Arabia","682","SA","SAU"
"9010","Asia","903","221","Oman","512","OM","OMN"
"9010","Asia","903","26","Brunei Darussalam","096","BN","BRN"
"9010","Asia","903","96","China, Hong Kong SAR","344","HK","HKG"
"9011","Asia","906","108","Kazakhstan","398","KZ","KAZ"
"9011","Asia","906","131","Malaysia","458","MY","MYS"
"9011","Asia","906","223","Türkiye","792","TR","TUR"
"9011","Asia","906","41","China, mainland","156","CN","CHN"
"9011","Asia","906","73","Georgia","268","GE","GEO"
"5500","Australia and New Zealand","009","10","Australia","036","AU","AUS"
"5500","Australia and New Zealand","009","156","New Zealand","554","NZ","NZL"
"5000","Caribbean","001","135","Martinique","474","MQ","MTQ"
"5000","Caribbean","001","14","Barbados","052","BB","BRB"
"5000","Caribbean","001","151","Netherlands Antilles (former)","530","AN","ANT"
"5000","Caribbean","001","177","Puerto Rico","630","PR","PRI"
"5000","Caribbean","001","191","Saint Vincent and the Grenadines","670","VC","VCT"
"5000","Caribbean","001","56","Dominican Republic","214","DO","DOM"
"5000","Caribbean","001","93","Haiti","332","HT","HTI"
"5200","Caribbean","019","12","Bahamas","044","BS","BHS"
"5200","Caribbean","019","151","Netherlands Antilles (former)","530","AN","ANT"
"5200","Caribbean","019","191","Saint Vincent and the Grenadines","670","VC","VCT"
"5200","Caribbean","019","22","Aruba","533","AW","ABW"
"5200","Caribbean","019","220","Trinidad and Tobago","780","TT","TTO"
"5200","Caribbean","019","280","Sint Maarten (Dutch part)","534","F280","SXM"
"5200","Caribbean","019","36","Cayman Islands","136","KY","CYM"
"5200","Caribbean","019","93","Haiti","332","HT","HTI"
"5205","Caribbean","419","109","Jamaica","388","JM","JAM"
"5205","Caribbean","419","12","Bahamas","044","BS","BHS"
"5205","Caribbean","419","151","Netherlands Antilles (former)","530","AN","ANT"
"5205","Caribbean","419","56","Dominican Republic","214","DO","DOM"
"5205","Caribbean","419","86","Grenada","308","GD","GRD"
"5803","Caribbean","722","12","Bahamas","044","BS","BHS"
"5803","Caribbean","722","220","Trinidad and Tobago","780","TT","TTO"
"5803","Caribbean","722","279","Curaçao","531","F279","CUW"
"5803","Caribbean","722","56","Dominican Republic","214","DO","DOM"
"5803","Caribbean","722","8","Antigua and Barbuda","028","AG","ATG"
"5803","Caribbean","722","93","Haiti","332","HT","HTI"
"5817","Caribbean","902","220","Trinidad and Tobago","780","TT","TTO"
"5817","Caribbean","902","93","Haiti","332","HT","HTI"
"9010","Caribbean","903","12","Bahamas","044","BS","BHS"
"9010","Caribbean","903","220","Trinidad and Tobago","780","TT","TTO"
"9011","Caribbean","906","55","Dominica","212","DM","DMA"
"9011","Caribbean","906","56","Dominican Republic","214","DO","DOM"
"5000","Central America","001","166","Panama","591","PA","PAN"
"5000","Central America","001","23","Belize","084","BZ","BLZ"
"5000","Central America","001","48","Costa Rica","188","CR","CRI"
"5000","Central America","001","89","Guatemala","320","GT","GTM"
"5200","Central America","019","157","Nicaragua","558","NI","NIC"
"5200","Central America","019","166","Panama","591","PA","PAN"
"5200","Central America","019","89","Guatemala","320","GT","GTM"
"5803","Central America","722","23","Belize","084","BZ","BLZ"
"5817","Central America","902","95","Honduras","340","HN","HND"
"9011","Central America","906","23","Belize","084","BZ","BLZ"
"9011","Central America","906","48","Costa Rica","188","CR","CRI"
"5000","Central Asia","001","108","Kazakhstan","398","KZ","KAZ"
"5802","Central Asia","432","208","Tajikistan","762","TJ","TJK"
"5802","Central Asia","432","235","Uzbekistan","860","UZ","UZB"
"5859","Central Asia","905","208","Tajikistan","762","TJ","TJK"
"5859","Central Asia and Southern Asia","905","235","Uzbekistan","860","UZ","UZB"
"5000","Eastern Africa","001","129","Madagascar","450","MG","MDG"
"5000","Eastern Africa","001","251","Zambia","894","ZM","ZMB"
"5100","Eastern Africa","002","251","Zambia","894","ZM","ZMB"
"5802","Eastern Africa","432","251","Zambia","894","ZM","ZMB"
"5815","Eastern Africa","901","184","Rwanda","646","RW","RWA"
"5817","Eastern Africa","902","137","Mauritius","480","MU","MUS"
"5817","Eastern Africa","902","72","Djibouti","262","DJ","DJI"
"5859","Eastern Africa","905","215","United Republic of Tanzania","834","TZ","TZA"
"5000","Eastern Asia","001","117","Republic of Korea","410","KR","KOR"
"5000","Eastern Asia","001","351","China","159","F351","F351"
"5000","Eastern Asia","001","41","China, mainland","156","CN","CHN"
"5300","Eastern Asia","142","110","Japan","392","JP","JPN"
"9010","Eastern Asia","903","128","China, Macao SAR","446","MO","MAC"
"5000","Eastern Asia and South-eastern Asia","001","237","Viet Nam","704","VN","VNM"
"5300","Eastern Asia and South-eastern Asia","142","128","China, Macao SAR","446","MO","MAC"
"5300","Eastern Asia and South-eastern Asia","142","41","China, mainland","156","CN","CHN"
"5000","Eastern Europe","001","146","Republic of Moldova","498","MD","MDA"
"5000","Eastern Europe","001","199","Slovakia","703","SK","SVK"
"5000","Eastern Europe","001","230","Ukraine","804","UA","UKR"
"5000","Eastern Europe","001","57","Belarus","112","BY","BLR"
"5400","Eastern Europe","150","167","Czechia","203","CZ","CZE"
"5400","Eastern Europe","150","183","Romania","642","RO","ROU"
"5400","Eastern Europe","150","27","Bulgaria","100","BG","BGR"
"5707","Eastern Europe","097","199","Slovakia","703","SK","SVK"
"5707","Eastern Europe","097","27","Bulgaria","100","BG","BGR"
"5802","Eastern Europe","432","146","Republic of Moldova","498","MD","MDA"
"9010","Eastern Europe","903","167","Czechia","203","CZ","CZE"
"9011","Eastern Europe","906","230","Ukraine","804","UA","UKR"
"9011","Eastern Europe","906","57","Belarus","112","BY","BLR"
"5000","Europe","001","104","Ireland","372","IE","IRL"
"5000","Europe","001","106","Italy","380","IT","ITA"
"5000","Europe","001","150","Netherlands (Kingdom of the)","528","NL","NLD"
"5000","Europe","001","154","North Macedonia","807","MK","MKD"
"5000","Europe","001","185","Russian Federation","643","RU","RUS"
"5000","Europe","001","192","San Marino","674","SM","SMR"
"5000","Europe","001","229","United Kingdom of Great Britain and Northern Ireland","826","GB","GBR"
"5000","Europe","001","272","Serbia","688","RS","SRB"
"5000","Europe","001","273","Montenegro","499","ME","MNE"
"5000","Europe","001","283","Jersey","832","F283","JEY"
"5000","Europe","001","284","Åland Islands","248","F284","ALA"
"5000","Europe","001","3","Albania","008","AL","ALB"
"5000","Europe","001","67","Finland","246","FI","FIN"
"5000","Europe","001","80","Bosnia and Herzegovina","070","BA","BIH"
"5000","Europe","001","82","Gibraltar","292","GI","GIB"
"5000","Europe","001","97","Hungary","348","HU","HUN"
"5000","Europe","001","99","Iceland","352","IS","ISL"
"5401","Europe","151","167","Czechia","203","CZ","CZE"
"5401","Europe","151","183","Romania","642","RO","ROU"
"5401","Europe","151","230","Ukraine","804","UA","UKR"
"5401","Europe","151","57","Belarus","112","BY","BLR"
"5401","Europe","151","97","Hungary","348","HU","HUN"
"5402","Europe","154","119","Latvia","428","LV","LVA"
"5402","Europe","154","126","Lithuania","440","LT","LTU"
"5402","Europe","154","99","Iceland","352","IS","ISL"
"5403","Europe","039","106","Italy","380","IT","ITA"
"5403","Europe","039","134","Malta","470","MT","MLT"
"5403","Europe","039","192","San Marino","674","SM","SMR"
"5404","Europe","155","256","Luxembourg","442","LU","LUX"
"5707","Europe","097","106","Italy","380","IT","ITA"
"5707","Europe","097","119","Latvia","428","LV","LVA"
"5707","Europe","097","167","Czechia","203","CZ","CZE"
"5707","Europe","097","183","Romania","642","RO","ROU"
"5707","Europe","097","210","Sweden","752","SE","SWE"
"5707","Europe","097","256","Luxembourg","442","LU","LUX"
"5707","Europe","097","68","France","250","FR","FRA"
"5707","Europe","097","84","Greece","300","GR","GRC"
"5707","Europe","097","97","Hungary","348","HU","HUN"
"9010","Europe","903","11","Austria","040","AT","AUT"
"9010","Europe","903","126","Lithuania","440","LT","LTU"
"9010","Europe","903","185","Russian Federation","643","RU","RUS"
"9010","Europe","903","192","San Marino","674","SM","SMR"
"9010","Europe","903","210","Sweden","752","SE","SWE"
"9010","Europe","903","229","United Kingdom of Great Britain and Northern Ireland","826","GB","GBR"
"9010","Europe","903","255","Belgium","056","BE","BEL"
"9010","Europe","903","27","Bulgaria","100","BG","BGR"
"9010","Europe","903","97","Hungary","348","HU","HUN"
"9010","Europe","903","98","Croatia","191","HR","HRV"
"9010","Europe","903","99","Iceland","352","IS","ISL"
"9011","Europe","906","272","Serbia","688","RS","SRB"
"9011","Europe","906","80","Bosnia and Herzegovina","070","BA","BIH"
"5000","Europe, Northern America, Australia and New Zealand","001","11","Austria","040","AT","AUT"
"5400","Europe, Northern America, Australia and New Zealand","150","284","Åland Islands","248","F284","ALA"
"5400","Europe, Northern America, Australia and New Zealand","150","63","Estonia","233","EE","EST"
"5707","Europe, Northern America, Australia and New Zealand","097","63","Estonia","233","EE","EST"
"5000","European Union (27)","001","119","Latvia","428","LV","LVA"
"5000","European Union (27)","001","167","Czechia","203","CZ","CZE"
"5000","European Union (27)","001","174","Portugal","620","PT","PRT"
"5000","European Union (27)","001","183","Romania","642","RO","ROU"
"5000","European Union (27)","001","203","Spain","724","ES","ESP"
"5000","European Union (27)","001","50","Cyprus","196","CY","CYP"
"5000","European Union (27)","001","54","Denmark","208","DK","DNK"
"5000","European Union (27)","001","63","Estonia","233","EE","EST"
"5400","European Union (27)","150","106","Italy","380","IT","ITA"
"5400","European Union (27)","150","11","Austria","040","AT","AUT"
"5400","European Union (27)","150","134","Malta","470","MT","MLT"
"5400","European Union (27)","150","150","Netherlands (Kingdom of the)","528","NL","NLD"
"5400","European Union (27)","150","256","Luxembourg","442","LU","LUX"
"5400","European Union (27)","150","54","Denmark","208","DK","DNK"
"5402","European Union (27)","154","54","Denmark","208","DK","DNK"
"5402","European Union (27)","154","63","Estonia","233","EE","EST"
"5403","European Union (27)","039","98","Croatia","191","HR","HRV"
"5404","European Union (27)","155","255","Belgium","056","BE","BEL"
"5404","European Union (27)","155","68","France","250","FR","FRA"
"9010","European Union (27)","903","104","Ireland","372","IE","IRL"
"9010","European Union (27)","903","183","Romania","642","RO","ROU"
"9010","European Union (27)","903","199","Slovakia","703","SK","SVK"
"9010","European Union (27)","903","54","Denmark","208","DK","DNK"
"9010","European Union (27)","903","68","France","250","FR","FRA"
"9010","European Union (27)","903","84","Greece","300","GR","GRC"
"5000","High-income economies","001","110","Japan","392","JP","JPN"
"5000","High-income economies","001","12","Bahamas","044","BS","BHS"
"5000","High-income economies","001","198","Slovenia","705","SI","SVN"
"5000","High-income economies","001","91","Guyana","328","GY","GUY"
"5200","High-income economies","019","91","Guyana","328","GY","GUY"
"5206","High-income economies","029","280","Sint Maarten (Dutch part)","534","F280","SXM"
"5300","High-income economies","142","118","Kuwait","414","KW","KWT"
"5302","High-income economies","030","110","Japan","392","JP","JPN"
"5400","High-income economies","150","264","Isle of Man","833","IM","IMN"
"5400","High-income economies","150","82","Gibraltar","292","GI","GIB"
"5401","High-income economies","151","185","Russian Federation","643","RU","RUS"
"5403","High-income economies","039","198","Slovenia","705","SI","SVN"
"5404","High-income economies","155","11","Austria","040","AT","AUT"
"5000","Land Locked Developing Countries (LLDCs)","001","1","Armenia","051","AM","ARM"
"5000","Land Locked Developing Countries (LLDCs)","001","113","Kyrgyzstan","417","KG","KGZ"
"5000","Land Locked Developing Countries (LLDCs)","001","133","Mali","466","ML","MLI"
"5000","Land Locked Developing Countries (LLDCs)","001","169","Paraguay","600","PY","PRY"
"5000","Land Locked Developing Countries (LLDCs)","001","18","Bhutan","064","BT","BTN"
"5000","Land Locked Developing Countries (LLDCs)","001","184","Rwanda","646","RW","RWA"
"5000","Land Locked Developing Countries (LLDCs)","001","39","Chad","148","TD","TCD"
"5100","Land Locked Developing Countries (LLDCs)","002","233","Burkina Faso","854","BF","BFA"
"5101","Land Locked Developing Countries (LLDCs)","014","130","Malawi","454","MW","MWI"
"5300","Land Locked Developing Countries (LLDCs)","142","1","Armenia","051","AM","ARM"
"5300","Land Locked Developing Countries (LLDCs)","142","141","Mongolia","496","MN","MNG"
"5301","Land Locked Developing Countries (LLDCs)","143","113","Kyrgyzstan","417","KG","KGZ"
"5305","Land Locked Developing Countries (LLDCs)","145","1","Armenia","051","AM","ARM"
"5401","Land Locked Developing Countries (LLDCs)","151","146","Republic of Moldova","498","MD","MDA"
"5801","Land Locked Developing Countries (LLDCs)","199","226","Uganda","800","UG","UGA"
"5802","Land Locked Developing Countries (LLDCs)","432","1","Armenia","051","AM","ARM"
"5802","Land Locked Developing Countries (LLDCs)","432","130","Malawi","454","MW","MWI"
"5815","Land Locked Developing Countries (LLDCs)","901","277","South Sudan","728","SS","SSD"
"5817","Land Locked Developing Countries (LLDCs)","902","20","Botswana","072","BW","BWA"
"5817","Land Locked Developing Countries (LLDCs)","902","233","Burkina Faso","854","BF","BFA"
"5817","Land Locked Developing Countries (LLDCs)","902","29","Burundi","108","BI","BDI"
"5858","Land Locked Developing Countries (LLDCs)","904","184","Rwanda","646","RW","RWA"
"5859","Land Locked Developing Countries (LLDCs)","905","19","Bolivia (Plurinational State of)","068","BO","BOL"
"9011","Land Locked Developing Countries (LLDCs)","906","1","Armenia","051","AM","ARM"
"9011","Latin America","906","169","Paraguay","600","PY","PRY"
"5000","Latin America and the Caribbean","001","280","Sint Maarten (Dutch part)","534","F280","SXM"
"5200","Latin America and the Caribbean","019","87","Guadeloupe","312","GP","GLP"
"5206","Latin America and the Caribbean","029","220","Trinidad and Tobago","780","TT","TTO"
"9011","Latin America and the Caribbean","906","109","Jamaica","388","JM","JAM"
"5000","Least Developed Countries (LDCs)","001","130","Malawi","454","MW","MWI"
"5000","Least Developed Countries (LDCs)","001","136","Mauritania","478","MR","MRT"
"5000","Least Developed Countries (LDCs)","001","158","Niger","562","NE","NER"
"5000","Least Developed Countries (LDCs)","001","16","Bangladesh","050","BD","BGD"
"5000","Least Developed Countries (LDCs)","001","175","Guinea-Bissau","624","GW","GNB"
"5000","Least Developed Countries (LDCs)","001","201","Somalia","706","SO","SOM"
"5000","Least Developed Countries (LDCs)","001","25","Solomon Islands","090","SB","SLB"
"5000","Least Developed Countries (LDCs)","001","277","South Sudan","728","SS","SSD"
"5000","Least Developed Countries (LDCs)","001","45","Comoros","174","KM","COM"
"5000","Least Developed Countries (LDCs)","001","53","Benin","204","BJ","BEN"
"5000","Least Developed Countries (LDCs)","001","7","Angola","024","AO","AGO"
"5000","Least Developed Countries (LDCs)","001","72","Djibouti","262","DJ","DJI"
"5000","Least Developed Countries (LDCs)","001","90","Guinea","324","GN","GIN"
"5100","Least Developed Countries (LDCs)","002","122","Lesotho","426","LS","LSO"
"5100","Least Developed Countries (LDCs)","002","136","Mauritania","478","MR","MRT"
"5100","Least Developed Countries (LDCs)","002","144","Mozambique","508","MZ","MOZ"
"5100","Least Developed Countries (LDCs)","002","201","Somalia","706","SO","SOM"
"5100","Least Developed Countries (LDCs)","002","238","Ethiopia","231","ET","ETH"
"5100","Least Developed Countries (LDCs)","002","276","Sudan","729","SD","SDN"
"5100","Least Developed Countries (LDCs)","002","277","South Sudan","728","SS","SSD"
"5100","Least Developed Countries (LDCs)","002","45","Comoros","174","KM","COM"
"5101","Least Developed Countries (LDCs)","014","277","South Sudan","728","SS","SSD"
"5101","Least Developed Countries (LDCs)","014","45","Comoros","174","KM","COM"
"5101","Least Developed Countries (LDCs)","014","72","Djibouti","262","DJ","DJI"
"5102","Least Developed Countries (LDCs)","017","7","Angola","024","AO","AGO"
"5300","Least Developed Countries (LDCs)","142","28","Myanmar","104","MM","MMR"
"5303","Least Developed Countries (LDCs)","034","16","Bangladesh","050","BD","BGD"
"5801","Least Developed Countries (LDCs)","199","136","Mauritania","478","MR","MRT"
"5801","Least Developed Countries (LDCs)","199","144","Mozambique","508","MZ","MOZ"
"5801","Least Developed Countries (LDCs)","199","201","Somalia","706","SO","SOM"
"5801","Least Developed Countries (LDCs)","199","233","Burkina Faso","854","BF","BFA"
"5801","Least Developed Countries (LDCs)","199","249","Yemen","887","YE","YEM"
"5801","Least Developed Countries (LDCs)","199","277","South Sudan","728","SS","SSD"
"5802","Least Developed Countries (LDCs)","432","277","South Sudan","728","SS","SSD"
"5803","Least Developed Countries (LDCs)","722","45","Comoros","174","KM","COM"
"5815","Least Developed Countries (LDCs)","901","195","Senegal","686","SN","SEN"
"5815","Least Developed Countries (LDCs)","901","238","Ethiopia","231","ET","ETH"
"5815","Least Developed Countries (LDCs)","901","276","Sudan","729","SD","SDN"
"5815","Least Developed Countries (LDCs)","901","37","Central African Republic","140","CF","CAF"
"5815","Least Developed Countries (LDCs)","901","45","Comoros","174","KM","COM"
"5815","Least Developed Countries (LDCs)","901","53","Benin","204","BJ","BEN"
"5815","Least Developed Countries (LDCs)","901","90","Guinea","324","GN","GIN"
"5817","Least Developed Countries (LDCs)","902","122","Lesotho","426","LS","LSO"
"5817","Least Developed Countries (LDCs)","902","129","Madagascar","450","MG","MDG"
"5817","Least Developed Countries (LDCs)","902","16","Bangladesh","050","BD","BGD"
"5817","Least Developed Countries (LDCs)","902","215","United Republic of Tanzania","834","TZ","TZA"
"5817","Least Developed Countries (LDCs)","902","217","Togo","768","TG","TGO"
"5817","Least Developed Countries (LDCs)","902","277","South Sudan","728","SS","SSD"
"5817","Least Developed Countries (LDCs)","902","28","Myanmar","104","MM","MMR"
"5817","Least Developed Countries (LDCs)","902","45","Comoros","174","KM","COM"
"5817","Least Developed Countries (LDCs)","902","7","Angola","024","AO","AGO"
"5858","Least Developed Countries (LDCs)","904","129","Madagascar","450","MG","MDG"
"5858","Least Developed Countries (LDCs)","904","175","Guinea-Bissau","624","GW","GNB"
"5858","Least Developed Countries (LDCs)","904","197","Sierra Leone","694","SL","SLE"
"5858","Least Developed Countries (LDCs)","904","249","Yemen","887","YE","YEM"
"5858","Least Developed Countries (LDCs)","904","276","Sudan","729","SD","SDN"
"5858","Least Developed Countries (LDCs)","904","277","South Sudan","728","SS","SSD"
"5859","Least Developed Countries (LDCs)","905","195","Senegal","686","SN","SEN"
"5859","Least Developed Countries (LDCs)","905","45","Comoros","174","KM","COM"
"5859","Least Developed Countries (LDCs)","905","7","Angola","024","AO","AGO"
"5000","Low Income Food Deficit Countries (LIFDCs)","001","122","Lesotho","426","LS","LSO"
"5000","Low Income Food Deficit Countries (LIFDCs)","001","149","Nepal","524","NP","NPL"
"5000","Low Income Food Deficit Countries (LIFDCs)","001","157","Nicaragua","558","NI","NIC"
"5000","Low Income Food Deficit Countries (LIFDCs)","001","208","Tajikistan","762","TJ","TJK"
"5000","Low Income Food Deficit Countries (LIFDCs)","001","215","United Republic of Tanzania","834","TZ","TZA"
"5000","Low Income Food Deficit Countries (LIFDCs)","001","233","Burkina Faso","854","BF","BFA"
"5000","Low Income Food Deficit Countries (LIFDCs)","001","235","Uzbekistan","860","UZ","UZB"
"5000","Low Income Food Deficit Countries (LIFDCs)","001","32","Cameroon","120","CM","CMR"
"5100","Low Income Food Deficit Countries (LIFDCs)","002","123","Liberia","430","LR","LBR"
"5100","Low Income Food Deficit Countries (LIFDCs)","002","130","Malawi","454","MW","MWI"
"5100","Low Income Food Deficit Countries (LIFDCs)","002","133","Mali","466","ML","MLI"
"5100","Low Income Food Deficit Countries (LIFDCs)","002","181","Zimbabwe","716","ZW","ZWE"
"5100","Low Income Food Deficit Countries (LIFDCs)","002","215","United Republic of Tanzania","834","TZ","TZA"
"5100","Low Income Food Deficit Countries (LIFDCs)","002","217","Togo","768","TG","TGO"
"5100","Low Income Food Deficit Countries (LIFDCs)","002","29","Burundi","108","BI","BDI"
"5100","Low Income Food Deficit Countries (LIFDCs)","002","32","Cameroon","120","CM","CMR"
"5100","Low Income Food Deficit Countries (LIFDCs)","002","75","Gambia","270","GM","GMB"
"5101","Low Income Food Deficit Countries (LIFDCs)","014","201","Somalia","706","SO","SOM"
"5101","Low Income Food Deficit Countries (LIFDCs)","014","215","United Republic of Tanzania","834","TZ","TZA"
"5102","Low Income Food Deficit Countries (LIFDCs)","017","32","Cameroon","120","CM","CMR"
"5105","Low Income Food Deficit Countries (LIFDCs)","011","195","Senegal","686","SN","SEN"
"5105","Low Income Food Deficit Countries (LIFDCs)","011","217","Togo","768","TG","TGO"
"5105","Low Income Food Deficit Countries (LIFDCs)","011","233","Burkina Faso","854","BF","BFA"
"5105","Low Income Food Deficit Countries (LIFDCs)","011","90","Guinea","324","GN","GIN"
"5206","Low Income Food Deficit Countries (LIFDCs)","029","93","Haiti","332","HT","HTI"
"5300","Low Income Food Deficit Countries (LIFDCs)","142","212","Syrian Arab Republic","760","SY","SYR"
"5300","Low Income Food Deficit Countries (LIFDCs)","142","246","Yemen Ar Rp","886","F246","F246"
"5300","Low Income Food Deficit Countries (LIFDCs)","142","249","Yemen","887","YE","YEM"
"5801","Low Income Food Deficit Countries (LIFDCs)","199","130","Malawi","454","MW","MWI"
"5801","Low Income Food Deficit Countries (LIFDCs)","199","149","Nepal","524","NP","NPL"
"5801","Low Income Food Deficit Countries (LIFDCs)","199","175","Guinea-Bissau","624","GW","GNB"
"5801","Low Income Food Deficit Countries (LIFDCs)","199","29","Burundi","108","BI","BDI"
"5801","Low Income Food Deficit Countries (LIFDCs)","199","90","Guinea","324","GN","GIN"
"5802","Low Income Food Deficit Countries (LIFDCs)","432","39","Chad","148","TD","TCD"
"5803","Low Income Food Deficit Countries (LIFDCs)","722","193","Sao Tome and Principe","678","ST","STP"
"5815","Low Income Food Deficit Countries (LIFDCs)","901","113","Kyrgyzstan","417","KG","KGZ"
"5815","Low Income Food Deficit Countries (LIFDCs)","901","122","Lesotho","426","LS","LSO"
"5815","Low Income Food Deficit Countries (LIFDCs)","901","181","Zimbabwe","716","ZW","ZWE"
"5815","Low Income Food Deficit Countries (LIFDCs)","901","201","Somalia","706","SO","SOM"
"5815","Low Income Food Deficit Countries (LIFDCs)","901","208","Tajikistan","762","TJ","TJK"
"5815","Low Income Food Deficit Countries (LIFDCs)","901","246","Yemen Ar Rp","886","F246","F246"
"5815","Low Income Food Deficit Countries (LIFDCs)","901","29","Burundi","108","BI","BDI"
"5817","Low Income Food Deficit Countries (LIFDCs)","902","130","Malawi","454","MW","MWI"
"5817","Low Income Food Deficit Countries (LIFDCs)","902","201","Somalia","706","SO","SOM"
"5817","Low Income Food Deficit Countries (LIFDCs)","902","249","Yemen","887","YE","YEM"
"5817","Low Income Food Deficit Countries (LIFDCs)","902","90","Guinea","324","GN","GIN"
"5858","Low Income Food Deficit Countries (LIFDCs)","904","133","Mali","466","ML","MLI"
"5858","Low Income Food Deficit Countries (LIFDCs)","904","144","Mozambique","508","MZ","MOZ"
"5858","Low Income Food Deficit Countries (LIFDCs)","904","226","Uganda","800","UG","UGA"
"5858","Low Income Food Deficit Countries (LIFDCs)","904","75","Gambia","270","GM","GMB"
"5859","Low Income Food Deficit Countries (LIFDCs)","905","181","Zimbabwe","716","ZW","ZWE"
"5000","Lower-middle-income economies","001","19","Bolivia (Plurinational State of)","068","BO","BOL"
"5207","Lower-middle-income economies","005","19","Bolivia (Plurinational State of)","068","BO","BOL"
"5300","Lower-middle-income economies","142","299","Palestine","275","F299","PSE"
"5303","Lower-middle-income economies","034","165","Pakistan","586","PK","PAK"
"5802","Lower-middle-income economies","432","122","Lesotho","426","LS","LSO"
"5803","Lower-middle-income economies","722","244","Samoa","882","WS","WSM"
"5815","Lower-middle-income economies","901","32","Cameroon","120","CM","CMR"
"5000","Low-income economies","001","250","Democratic Republic of the Congo","180","CD","COD"
"5817","Low-income economies","902","250","Democratic Republic of the Congo","180","CD","COD"
"5000","Melanesia","001","153","New Caledonia","540","NC","NCL"
"5000","Melanesia","001","168","Papua New Guinea","598","PG","PNG"
"5000","Melanesia","001","66","Fiji","242","FJ","FJI"
"5500","Melanesia","009","168","Papua New Guinea","598","PG","PNG"
"5500","Melanesia","009","25","Solomon Islands","090","SB","SLB"
"5803","Melanesia","722","155","Vanuatu","548","VU","VUT"
"5859","Melanesia","905","25","Solomon Islands","090","SB","SLB"
"5000","Micronesia","001","145","Micronesia (Federated States of)","583","FM","FSM"
"5000","Micronesia","001","180","Palau","585","PW","PLW"
"5000","Micronesia","001","83","Kiribati","296","KI","KIR"
"5500","Micronesia","009","145","Micronesia (Federated States of)","583","FM","FSM"
"5500","Micronesia","009","180","Palau","585","PW","PLW"
"5803","Micronesia","722","83","Kiribati","296","KI","KIR"
"5803","Micronesia","722","88","Guam","316","GU","GUM"
"9010","Micronesia","903","180","Palau","585","PW","PLW"
"5000","Middle Africa","001","46","Congo","178","CG","COG"
"5000","Middle Africa","001","61","Equatorial Guinea","226","GQ","GNQ"
"5000","Middle Africa","001","74","Gabon","266","GA","GAB"
"5100","Middle Africa","002","7","Angola","024","AO","AGO"
"5100","Middle Africa","002","74","Gabon","266","GA","GAB"
"5801","Middle Africa","199","7","Angola","024","AO","AGO"
"5859","Middle Africa","905","32","Cameroon","120","CM","CMR"
"5000","Net Food Importing Developing Countries (NFIDCs)","001","109","Jamaica","388","JM","JAM"
"5000","Net Food Importing Developing Countries (NFIDCs)","001","114","Kenya","404","KE","KEN"
"5000","Net Food Importing Developing Countries (NFIDCs)","001","132","Maldives","462","MV","MDV"
"5000","Net Food Importing Developing Countries (NFIDCs)","001","141","Mongolia","496","MN","MNG"
"5000","Net Food Importing Developing Countries (NFIDCs)","001","147","Namibia","516","NA","NAM"
"5000","Net Food Importing Developing Countries (NFIDCs)","001","165","Pakistan","586","PK","PAK"
"5000","Net Food Importing Developing Countries (NFIDCs)","001","176","Timor-Leste","626","TL","TLS"
"5000","Net Food Importing Developing Countries (NFIDCs)","001","20","Botswana","072","BW","BWA"
"5000","Net Food Importing Developing Countries (NFIDCs)","001","206","Sudan (former)","736","F206","F206"
"5000","Net Food Importing Developing Countries (NFIDCs)","001","219","Tonga","776","TO","TON"
"5000","Net Food Importing Developing Countries (NFIDCs)","001","220","Trinidad and Tobago","780","TT","TTO"
"5000","Net Food Importing Developing Countries (NFIDCs)","001","226","Uganda","800","UG","UGA"
"5000","Net Food Importing Developing Countries (NFIDCs)","001","238","Ethiopia","231","ET","ETH"
"5000","Net Food Importing Developing Countries (NFIDCs)","001","246","Yemen Ar Rp","886","F246","F246"
"5000","Net Food Importing Developing Countries (NFIDCs)","001","276","Sudan","729","SD","SDN"
"5000","Net Food Importing Developing Countries (NFIDCs)","001","28","Myanmar","104","MM","MMR"
"5000","Net Food Importing Developing Countries (NFIDCs)","001","29","Burundi","108","BI","BDI"
"5000","Net Food Importing Developing Countries (NFIDCs)","001","37","Central African Republic","140","CF","CAF"
"5000","Net Food Importing Developing Countries (NFIDCs)","001","38","Sri Lanka","144","LK","LKA"
"5000","Net Food Importing Developing Countries (NFIDCs)","001","59","Egypt","818","EG","EGY"
"5100","Net Food Importing Developing Countries (NFIDCs)","002","114","Kenya","404","KE","KEN"
"5100","Net Food Importing Developing Countries (NFIDCs)","002","129","Madagascar","450","MG","MDG"
"5100","Net Food Importing Developing Countries (NFIDCs)","002","147","Namibia","516","NA","NAM"
"5100","Net Food Importing Developing Countries (NFIDCs)","002","184","Rwanda","646","RW","RWA"
"5100","Net Food Importing Developing Countries (NFIDCs)","002","193","Sao Tome and Principe","678","ST","STP"
"5100","Net Food Importing Developing Countries (NFIDCs)","002","20","Botswana","072","BW","BWA"
"5100","Net Food Importing Developing Countries (NFIDCs)","002","206","Sudan (former)","736","F206","F206"
"5100","Net Food Importing Developing Countries (NFIDCs)","002","222","Tunisia","788","TN","TUN"
"5100","Net Food Importing Developing Countries (NFIDCs)","002","226","Uganda","800","UG","UGA"
"5100","Net Food Importing Developing Countries (NFIDCs)","002","37","Central African Republic","140","CF","CAF"
"5100","Net Food Importing Developing Countries (NFIDCs)","002","39","Chad","148","TD","TCD"
"5100","Net Food Importing Developing Countries (NFIDCs)","002","72","Djibouti","262","DJ","DJI"
"5100","Net Food Importing Developing Countries (NFIDCs)","002","90","Guinea","324","GN","GIN"
"5101","Net Food Importing Developing Countries (NFIDCs)","014","129","Madagascar","450","MG","MDG"
"5101","Net Food Importing Developing Countries (NFIDCs)","014","238","Ethiopia","231","ET","ETH"
"5102","Net Food Importing Developing Countries (NFIDCs)","017","250","Democratic Republic of the Congo","180","CD","COD"
"5102","Net Food Importing Developing Countries (NFIDCs)","017","37","Central African Republic","140","CF","CAF"
"5102","Net Food Importing Developing Countries (NFIDCs)","017","74","Gabon","266","GA","GAB"
"5103","Net Food Importing Developing Countries (NFIDCs)","015","222","Tunisia","788","TN","TUN"
"5104","Net Food Importing Developing Countries (NFIDCs)","018","20","Botswana","072","BW","BWA"
"5105","Net Food Importing Developing Countries (NFIDCs)","011","197","Sierra Leone","694","SL","SLE"
"5105","Net Food Importing Developing Countries (NFIDCs)","011","53","Benin","204","BJ","BEN"
"5200","Net Food Importing Developing Countries (NFIDCs)","019","109","Jamaica","388","JM","JAM"
"5200","Net Food Importing Developing Countries (NFIDCs)","019","14","Barbados","052","BB","BRB"
"5200","Net Food Importing Developing Countries (NFIDCs)","019","170","Peru","604","PE","PER"
"5200","Net Food Importing Developing Countries (NFIDCs)","019","236","Venezuela (Bolivarian Republic of)","862","VE","VEN"
"5200","Net Food Importing Developing Countries (NFIDCs)","019","56","Dominican Republic","214","DO","DOM"
"5200","Net Food Importing Developing Countries (NFIDCs)","019","60","El Salvador","222","SV","SLV"
"5200","Net Food Importing Developing Countries (NFIDCs)","019","8","Antigua and Barbuda","028","AG","ATG"
"5200","Net Food Importing Developing Countries (NFIDCs)","019","86","Grenada","308","GD","GRD"
"5204","Net Food Importing Developing Countries (NFIDCs)","013","60","El Salvador","222","SV","SLV"
"5205","Net Food Importing Developing Countries (NFIDCs)","419","170","Peru","604","PE","PER"
"5205","Net Food Importing Developing Countries (NFIDCs)","419","188","Saint Kitts and Nevis","659","KN","KNA"
"5205","Net Food Importing Developing Countries (NFIDCs)","419","191","Saint Vincent and the Grenadines","670","VC","VCT"
"5206","Net Food Importing Developing Countries (NFIDCs)","029","109","Jamaica","388","JM","JAM"
"5206","Net Food Importing Developing Countries (NFIDCs)","029","191","Saint Vincent and the Grenadines","670","VC","VCT"
"5206","Net Food Importing Developing Countries (NFIDCs)","029","86","Grenada","308","GD","GRD"
"5207","Net Food Importing Developing Countries (NFIDCs)","005","236","Venezuela (Bolivarian Republic of)","862","VE","VEN"
"5300","Net Food Importing Developing Countries (NFIDCs)","142","120","Lao People's Democratic Republic","418","LA","LAO"
"5300","Net Food Importing Developing Countries (NFIDCs)","142","132","Maldives","462","MV","MDV"
"5300","Net Food Importing Developing Countries (NFIDCs)","142","149","Nepal","524","NP","NPL"
"5300","Net Food Importing Developing Countries (NFIDCs)","142","2","Afghanistan","004","AF","AFG"
"5302","Net Food Importing Developing Countries (NFIDCs)","030","141","Mongolia","496","MN","MNG"
"5303","Net Food Importing Developing Countries (NFIDCs)","034","149","Nepal","524","NP","NPL"
"5305","Net Food Importing Developing Countries (NFIDCs)","145","112","Jordan","400","JO","JOR"
"5500","Net Food Importing Developing Countries (NFIDCs)","009","83","Kiribati","296","KI","KIR"
"5502","Net Food Importing Developing Countries (NFIDCs)","054","25","Solomon Islands","090","SB","SLB"
"5801","Net Food Importing Developing Countries (NFIDCs)","199","129","Madagascar","450","MG","MDG"
"5801","Net Food Importing Developing Countries (NFIDCs)","199","215","United Republic of Tanzania","834","TZ","TZA"
"5801","Net Food Importing Developing Countries (NFIDCs)","199","238","Ethiopia","231","ET","ETH"
"5801","Net Food Importing Developing Countries (NFIDCs)","199","250","Democratic Republic of the Congo","180","CD","COD"
"5801","Net Food Importing Developing Countries (NFIDCs)","199","28","Myanmar","104","MM","MMR"
"5801","Net Food Importing Developing Countries (NFIDCs)","199","53","Benin","204","BJ","BEN"
"5802","Net Food Importing Developing Countries (NFIDCs)","432","120","Lao People's Democratic Republic","418","LA","LAO"
"5802","Net Food Importing Developing Countries (NFIDCs)","432","149","Nepal","524","NP","NPL"
"5802","Net Food Importing Developing Countries (NFIDCs)","432","209","Eswatini","748","SZ","SWZ"
"5802","Net Food Importing Developing Countries (NFIDCs)","432","226","Uganda","800","UG","UGA"
"5802","Net Food Importing Developing Countries (NFIDCs)","432","238","Ethiopia","231","ET","ETH"
"5803","Net Food Importing Developing Countries (NFIDCs)","722","55","Dominica","212","DM","DMA"
"5815","Net Food Importing Developing Countries (NFIDCs)","901","114","Kenya","404","KE","KEN"
"5815","Net Food Importing Developing Countries (NFIDCs)","901","123","Liberia","430","LR","LBR"
"5815","Net Food Importing Developing Countries (NFIDCs)","901","129","Madagascar","450","MG","MDG"
"5815","Net Food Importing Developing Countries (NFIDCs)","901","149","Nepal","524","NP","NPL"
"5815","Net Food Importing Developing Countries (NFIDCs)","901","175","Guinea-Bissau","624","GW","GNB"
"5815","Net Food Importing Developing Countries (NFIDCs)","901","193","Sao Tome and Principe","678","ST","STP"
"5815","Net Food Importing Developing Countries (NFIDCs)","901","249","Yemen","887","YE","YEM"
"5815","Net Food Importing Developing Countries (NFIDCs)","901","75","Gambia","270","GM","GMB"
"5817","Net Food Importing Developing Countries (NFIDCs)","902","114","Kenya","404","KE","KEN"
"5817","Net Food Importing Developing Countries (NFIDCs)","902","123","Liberia","430","LR","LBR"
"5817","Net Food Importing Developing Countries (NFIDCs)","902","141","Mongolia","496","MN","MNG"
"5817","Net Food Importing Developing Countries (NFIDCs)","902","149","Nepal","524","NP","NPL"
"5817","Net Food Importing Developing Countries (NFIDCs)","902","191","Saint Vincent and the Grenadines","670","VC","VCT"
"5817","Net Food Importing Developing Countries (NFIDCs)","902","193","Sao Tome and Principe","678","ST","STP"
"5817","Net Food Importing Developing Countries (NFIDCs)","902","197","Sierra Leone","694","SL","SLE"
"5817","Net Food Importing Developing Countries (NFIDCs)","902","226","Uganda","800","UG","UGA"
"5817","Net Food Importing Developing Countries (NFIDCs)","902","236","Venezuela (Bolivarian Republic of)","862","VE","VEN"
"5817","Net Food Importing Developing Countries (NFIDCs)","902","59","Egypt","818","EG","EGY"
"5817","Net Food Importing Developing Countries (NFIDCs)","902","74","Gabon","266","GA","GAB"
"5817","Net Food Importing Developing Countries (NFIDCs)","902","75","Gambia","270","GM","GMB"
"5858","Net Food Importing Developing Countries (NFIDCs)","904","123","Liberia","430","LR","LBR"
"5858","Net Food Importing Developing Countries (NFIDCs)","904","130","Malawi","454","MW","MWI"
"5858","Net Food Importing Developing Countries (NFIDCs)","904","201","Somalia","706","SO","SOM"
"5858","Net Food Importing Developing Countries (NFIDCs)","904","238","Ethiopia","231","ET","ETH"
"5859","Net Food Importing Developing Countries (NFIDCs)","905","114","Kenya","404","KE","KEN"
"5859","Net Food Importing Developing Countries (NFIDCs)","905","149","Nepal","524","NP","NPL"
"5859","Net Food Importing Developing Countries (NFIDCs)","905","222","Tunisia","788","TN","TUN"
"5859","Net Food Importing Developing Countries (NFIDCs)","905","72","Djibouti","262","DJ","DJI"
"9011","Net Food Importing Developing Countries (NFIDCs)","906","132","Maldives","462","MV","MDV"
"9011","Net Food Importing Developing Countries (NFIDCs)","906","137","Mauritius","480","MU","MUS"
"9011","Net Food Importing Developing Countries (NFIDCs)","906","147","Namibia","516","NA","NAM"
"9011","Net Food Importing Developing Countries (NFIDCs)","906","170","Peru","604","PE","PER"
"9011","Net Food Importing Developing Countries (NFIDCs)","906","74","Gabon","266","GA","GAB"
"5000","Non-Annex I countries","001","100","India","356","IN","IND"
"5000","Non-Annex I countries","001","188","Saint Kitts and Nevis","659","KN","KNA"
"5000","Non-Annex I countries","001","193","Sao Tome and Principe","678","ST","STP"
"5000","Non-Annex I countries","001","194","Saudi Arabia","682","SA","SAU"
"5000","Non-Annex I countries","001","236","Venezuela (Bolivarian Republic of)","862","VE","VEN"
"5000","Non-Annex I countries","001","60","El Salvador","222","SV","SLV"
"5102","Non-Annex I countries","017","193","Sao Tome and Principe","678","ST","STP"
"5105","Non-Annex I countries","011","75","Gambia","270","GM","GMB"
"5205","Non-Annex I countries","419","234","Uruguay","858","UY","URY"
"5300","Non-Annex I countries","142","16","Bangladesh","050","BD","BGD"
"5303","Non-Annex I countries","034","100","India","356","IN","IND"
"5400","Non-Annex I countries","150","6","Andorra","020","AD","AND"
"5403","Non-Annex I countries","039","6","Andorra","020","AD","AND"
"5802","Non-Annex I countries","432","113","Kyrgyzstan","417","KG","KGZ"
"5817","Non-Annex I countries","902","107","Côte d'Ivoire","384","CI","CIV"
"5817","Non-Annex I countries","902","147","Namibia","516","NA","NAM"
"5817","Non-Annex I countries","902","165","Pakistan","586","PK","PAK"
"5817","Non-Annex I countries","902","18","Bhutan","064","BT","BTN"
"5817","Non-Annex I countries","902","219","Tonga","776","TO","TON"
"5817","Non-Annex I countries","902","25","Solomon Islands","090","SB","SLB"
"5817","Non-Annex I countries","902","60","El Salvador","222","SV","SLV"
"5859","Non-Annex I countries","905","113","Kyrgyzstan","417","KG","KGZ"
"5859","Non-Annex I countries","905","120","Lao People's Democratic Republic","418","LA","LAO"
"5859","Non-Annex I countries","905","193","Sao Tome and Principe","678","ST","STP"
"5859","Non-Annex I countries","905","28","Myanmar","104","MM","MMR"
"9010","Non-Annex I countries","903","6","Andorra","020","AD","AND"
"9011","Non-Annex I countries","906","101","Indonesia","360","ID","IDN"
"9011","Non-Annex I countries","906","60","El Salvador","222","SV","SLV"
"5200","North and Central America","019","177","Puerto Rico","630","PR","PRI"
"5205","North and Central America","419","89","Guatemala","320","GT","GTM"
"5817","North and Central America","902","189","Saint Lucia","662","LC","LCA"
"5100","Northern Africa","002","4","Algeria","012","DZ","DZA"
"5817","Northern Africa","902","143","Morocco","504","MA","MAR"
"5100","Northern Africa (excluding Sudan)","002","143","Morocco","504","MA","MAR"
"5859","Northern Africa (excluding Sudan)","905","143","Morocco","504","MA","MAR"
"5000","Northern America","001","17","Bermuda","060","BM","BMU"
"5000","Northern America","001","85","Greenland","304","GL","GRL"
"5200","Northern America","019","17","Bermuda","060","BM","BMU"
"5200","Northern America","019","231","United States of America","840","US","USA"
"5200","Northern America","019","33","Canada","124","CA","CAN"
"9010","Northern America","903","231","United States of America","840","US","USA"
"9010","Northern America","903","85","Greenland","304","GL","GRL"
"5000","Northern America and Europe","001","162","Norway","578","NO","NOR"
"5000","Northern America and Europe","001","173","Poland","616","PL","POL"
"5000","Northern America and Europe","001","264","Isle of Man","833","IM","IMN"
"5000","Northern America and Europe","001","27","Bulgaria","100","BG","BGR"
"5400","Northern America and Europe","150","162","Norway","578","NO","NOR"
"5402","Northern America and Europe","154","162","Norway","578","NO","NOR"
"5402","Northern America and Europe","154","264","Isle of Man","833","IM","IMN"
"5707","Northern America and Europe","097","173","Poland","616","PL","POL"
"5707","Northern America and Europe","097","255","Belgium","056","BE","BEL"
"9010","Northern America and Europe","903","106","Italy","380","IT","ITA"
"9010","Northern America and Europe","903","162","Norway","578","NO","NOR"
"9010","Northern America and Europe","903","173","Poland","616","PL","POL"
"5000","Northern Europe","001","126","Lithuania","440","LT","LTU"
"5000","Northern Europe","001","210","Sweden","752","SE","SWE"
"5400","Northern Europe","150","104","Ireland","372","IE","IRL"
"5707","Northern Europe","097","104","Ireland","372","IE","IRL"
"5000","Oceania","001","10","Australia","036","AU","AUS"
"5000","Oceania","001","156","New Zealand","554","NZ","NZL"
"5502","Oceania","054","153","New Caledonia","540","NC","NCL"
"5502","Oceania","054","155","Vanuatu","548","VU","VUT"
"5502","Oceania","054","168","Papua New Guinea","598","PG","PNG"
"5503","Oceania","057","83","Kiribati","296","KI","KIR"
"5504","Oceania","061","219","Tonga","776","TO","TON"
"5801","Oceania","199","83","Kiribati","296","KI","KIR"
"5803","Oceania","722","145","Micronesia (Federated States of)","583","FM","FSM"
"5803","Oceania","722","180","Palau","585","PW","PLW"
"5803","Oceania","722","219","Tonga","776","TO","TON"
"5803","Oceania","722","47","Cook Islands","184","CK","COK"
"5803","Oceania","722","70","French Polynesia","258","PF","PYF"
"5859","Oceania","905","145","Micronesia (Federated States of)","583","FM","FSM"
"5859","Oceania","905","155","Vanuatu","548","VU","VUT"
"5859","Oceania","905","168","Papua New Guinea","598","PG","PNG"
"5859","Oceania","905","83","Kiribati","296","KI","KIR"
"9010","Oceania","903","10","Australia","036","AU","AUS"
"9011","Oceania","906","219","Tonga","776","TO","TON"
"5000","Oceania excluding Australia and New Zealand","001","244","Samoa","882","WS","WSM"
"5500","Oceania excluding Australia and New Zealand","009","244","Samoa","882","WS","WSM"
"5502","Oceania excluding Australia and New Zealand","054","66","Fiji","242","FJ","FJI"
"5504","Oceania excluding Australia and New Zealand","061","244","Samoa","882","WS","WSM"
"9011","Oceania excluding Australia and New Zealand","906","66","Fiji","242","FJ","FJI"
"5203","OECD","021","231","United States of America","840","US","USA"
"5207","OECD","005","40","Chile","152","CL","CHL"
"5400","OECD","150","79","Germany","276","DE","DEU"
"5400","OECD","150","97","Hungary","348","HU","HUN"
"5707","OECD","097","79","Germany","276","DE","DEU"
"5000","Polynesia","001","47","Cook Islands","184","CK","COK"
"5000","Polynesia","001","70","French Polynesia","258","PF","PYF"
"5500","Polynesia","009","219","Tonga","776","TO","TON"
"5500","Polynesia","009","70","French Polynesia","258","PF","PYF"
"9010","Polynesia","903","70","French Polynesia","258","PF","PYF"
"5000","Small Island Developing States (SIDS)","001","155","Vanuatu","548","VU","VUT"
"5000","Small Island Developing States (SIDS)","001","279","Curaçao","531","F279","CUW"
"5000","Small Island Developing States (SIDS)","001","55","Dominica","212","DM","DMA"
"5000","Small Island Developing States (SIDS)","001","8","Antigua and Barbuda","028","AG","ATG"
"5000","Small Island Developing States (SIDS)","001","86","Grenada","308","GD","GRD"
"5000","Small Island Developing States (SIDS)","001","88","Guam","316","GU","GUM"
"5100","Small Island Developing States (SIDS)","002","35","Cabo Verde","132","CV","CPV"
"5200","Small Island Developing States (SIDS)","019","188","Saint Kitts and Nevis","659","KN","KNA"
"5200","Small Island Developing States (SIDS)","019","23","Belize","084","BZ","BLZ"
"5200","Small Island Developing States (SIDS)","019","239","British Virgin Islands","092","VG","VGB"
"5200","Small Island Developing States (SIDS)","019","258","Anguilla","660","AI","AIA"
"5200","Small Island Developing States (SIDS)","019","279","Curaçao","531","F279","CUW"
"5203","Small Island Developing States (SIDS)","021","17","Bermuda","060","BM","BMU"
"5204","Small Island Developing States (SIDS)","013","23","Belize","084","BZ","BLZ"
"5205","Small Island Developing States (SIDS)","419","135","Martinique","474","MQ","MTQ"
"5205","Small Island Developing States (SIDS)","419","220","Trinidad and Tobago","780","TT","TTO"
"5205","Small Island Developing States (SIDS)","419","239","British Virgin Islands","092","VG","VGB"
"5205","Small Island Developing States (SIDS)","419","279","Curaçao","531","F279","CUW"
"5205","Small Island Developing States (SIDS)","419","280","Sint Maarten (Dutch part)","534","F280","SXM"
"5205","Small Island Developing States (SIDS)","419","36","Cayman Islands","136","KY","CYM"
"5205","Small Island Developing States (SIDS)","419","55","Dominica","212","DM","DMA"
"5205","Small Island Developing States (SIDS)","419","8","Antigua and Barbuda","028","AG","ATG"
"5205","Small Island Developing States (SIDS)","419","87","Guadeloupe","312","GP","GLP"
"5206","Small Island Developing States (SIDS)","029","22","Aruba","533","AW","ABW"
"5206","Small Island Developing States (SIDS)","029","258","Anguilla","660","AI","AIA"
"5206","Small Island Developing States (SIDS)","029","279","Curaçao","531","F279","CUW"
"5206","Small Island Developing States (SIDS)","029","56","Dominican Republic","214","DO","DOM"
"5207","Small Island Developing States (SIDS)","005","91","Guyana","328","GY","GUY"
"5303","Small Island Developing States (SIDS)","034","132","Maldives","462","MV","MDV"
"5500","Small Island Developing States (SIDS)","009","66","Fiji","242","FJ","FJI"
"5503","Small Island Developing States (SIDS)","057","145","Micronesia (Federated States of)","583","FM","FSM"
"5503","Small Island Developing States (SIDS)","057","180","Palau","585","PW","PLW"
"5504","Small Island Developing States (SIDS)","061","70","French Polynesia","258","PF","PYF"
"5801","Small Island Developing States (SIDS)","199","25","Solomon Islands","090","SB","SLB"
"5803","Small Island Developing States (SIDS)","722","153","New Caledonia","540","NC","NCL"
"5803","Small Island Developing States (SIDS)","722","35","Cabo Verde","132","CV","CPV"
"5803","Small Island Developing States (SIDS)","722","36","Cayman Islands","136","KY","CYM"
"5803","Small Island Developing States (SIDS)","722","66","Fiji","242","FJ","FJI"
"5803","Small Island Developing States (SIDS)","722","87","Guadeloupe","312","GP","GLP"
"5817","Small Island Developing States (SIDS)","902","132","Maldives","462","MV","MDV"
"5817","Small Island Developing States (SIDS)","902","188","Saint Kitts and Nevis","659","KN","KNA"
"5817","Small Island Developing States (SIDS)","902","244","Samoa","882","WS","WSM"
"5817","Small Island Developing States (SIDS)","902","55","Dominica","212","DM","DMA"
"5817","Small Island Developing States (SIDS)","902","56","Dominican Republic","214","DO","DOM"
"5817","Small Island Developing States (SIDS)","902","8","Antigua and Barbuda","028","AG","ATG"
"5859","Small Island Developing States (SIDS)","905","176","Timor-Leste","626","TL","TLS"
"5859","Small Island Developing States (SIDS)","905","244","Samoa","882","WS","WSM"
"5859","Small Island Developing States (SIDS)","905","35","Cabo Verde","132","CV","CPV"
"9010","Small Island Developing States (SIDS)","903","153","New Caledonia","540","NC","NCL"
"9010","Small Island Developing States (SIDS)","903","177","Puerto Rico","630","PR","PRI"
"9010","Small Island Developing States (SIDS)","903","200","Singapore","702","SG","SGP"
"9010","Small Island Developing States (SIDS)","903","22","Aruba","533","AW","ABW"
"9010","Small Island Developing States (SIDS)","903","279","Curaçao","531","F279","CUW"
"9010","Small Island Developing States (SIDS)","903","36","Cayman Islands","136","KY","CYM"
"9010","Small Island Developing States (SIDS)","903","8","Antigua and Barbuda","028","AG","ATG"
"9010","Small Island Developing States (SIDS)","903","88","Guam","316","GU","GUM"
"5000","South America","001","207","Suriname","740","SR","SUR"
"5000","South America","001","40","Chile","152","CL","CHL"
"5000","South America","001","58","Ecuador","218","EC","ECU"
"5200","South America","019","207","Suriname","740","SR","SUR"
"5200","South America","019","44","Colombia","170","CO","COL"
"5200","South America","019","69","French Guiana","254","GF","GUF"
"5205","South America","419","44","Colombia","170","CO","COL"
"5205","South America","419","91","Guyana","328","GY","GUY"
"9010","South America","903","91","Guyana","328","GY","GUY"
"9011","South America","906","21","Brazil","076","BR","BRA"
"5000","South-eastern Asia","001","101","Indonesia","360","ID","IDN"
"5000","South-eastern Asia","001","120","Lao People's Democratic Republic","418","LA","LAO"
"5000","South-eastern Asia","001","216","Thailand","764","TH","THA"
"5300","South-eastern Asia","142","115","Cambodia","116","KH","KHM"
"5300","South-eastern Asia","142","171","Philippines","608","PH","PHL"
"5300","South-eastern Asia","142","200","Singapore","702","SG","SGP"
"5300","South-eastern Asia","142","26","Brunei Darussalam","096","BN","BRN"
"5803","South-eastern Asia","722","200","Singapore","702","SG","SGP"
"5817","South-eastern Asia","902","120","Lao People's Democratic Republic","418","LA","LAO"
"5000","Southern Africa","001","202","South Africa","710","ZA","ZAF"
"9011","Southern Africa","906","202","South Africa","710","ZA","ZAF"
"5300","Southern Asia","142","100","India","356","IN","IND"
"5300","Southern Asia","142","102","Iran (Islamic Republic of)","364","IR","IRN"
"5300","Southern Asia","142","165","Pakistan","586","PK","PAK"
"5803","Southern Asia","722","132","Maldives","462","MV","MDV"
"5859","Southern Asia","905","100","India","356","IN","IND"
"9011","Southern Asia","906","102","Iran (Islamic Republic of)","364","IR","IRN"
"5817","Southern Asia (excluding India)","902","2","Afghanistan","004","AF","AFG"
"5000","Southern Europe","001","134","Malta","470","MT","MLT"
"5000","Southern Europe","001","6","Andorra","020","AD","AND"
"5000","Southern Europe","001","84","Greece","300","GR","GRC"
"5400","Southern Europe","150","272","Serbia","688","RS","SRB"
"5707","Southern Europe","097","203","Spain","724","ES","ESP"
"5802","Southern Europe","432","154","North Macedonia","807","MK","MKD"
"9011","Southern Europe","906","3","Albania","008","AL","ALB"
"5000","Sub-Saharan Africa","001","181","Zimbabwe","716","ZW","ZWE"
"5000","Sub-Saharan Africa","001","182","Réunion","638","RE","REU"
"5100","Sub-Saharan Africa","002","250","Democratic Republic of the Congo","180","CD","COD"
"5858","Sub-Saharan Africa","904","250","Democratic Republic of the Congo","180","CD","COD"
"5801","Sub-Saharan Africa (including Sudan)","199","158","Niger","562","NE","NER"
"5815","Sub-Saharan Africa (including Sudan)","901","133","Mali","466","ML","MLI"
"5000","Upper-middle-income economies","001","9","Argentina","032","AR","ARG"
"5102","Upper-middle-income economies","017","61","Equatorial Guinea","226","GQ","GNQ"
"5207","Upper-middle-income economies","005","9","Argentina","032","AR","ARG"
"5400","Upper-middle-income economies","150","230","Ukraine","804","UA","UKR"
"5802","Upper-middle-income economies","432","169","Paraguay","600","PY","PRY"
"5803","Upper-middle-income economies","722","109","Jamaica","388","JM","JAM"
"5817","Upper-middle-income economies","902","109","Jamaica","388","JM","JAM"
"5000","Western Africa","001","107","Côte d'Ivoire","384","CI","CIV"
"5000","Western Africa","001","195","Senegal","686","SN","SEN"
"5000","Western Africa","001","197","Sierra Leone","694","SL","SLE"
"5000","Western Africa","001","35","Cabo Verde","132","CV","CPV"
"5100","Western Africa","002","158","Niger","562","NE","NER"
"5100","Western Africa","002","175","Guinea-Bissau","624","GW","GNB"
"5100","Western Africa","002","195","Senegal","686","SN","SEN"
"5100","Western Africa","002","197","Sierra Leone","694","SL","SLE"
"5100","Western Africa","002","81","Ghana","288","GH","GHA"
"5801","Western Africa","199","197","Sierra Leone","694","SL","SLE"
"5802","Western Africa","432","133","Mali","466","ML","MLI"
"5803","Western Africa","722","175","Guinea-Bissau","624","GW","GNB"
"5815","Western Africa","901","136","Mauritania","478","MR","MRT"
"5815","Western Africa","901","217","Togo","768","TG","TGO"
"5817","Western Africa","902","133","Mali","466","ML","MLI"
"5817","Western Africa","902","136","Mauritania","478","MR","MRT"
"5817","Western Africa","902","175","Guinea-Bissau","624","GW","GNB"
"5817","Western Africa","902","195","Senegal","686","SN","SEN"
"5817","Western Africa","902","53","Benin","204","BJ","BEN"
"5859","Western Africa","905","136","Mauritania","478","MR","MRT"
"5859","Western Africa","905","159","Nigeria","566","NG","NGA"
"5859","Western Africa","905","53","Benin","204","BJ","BEN"
"5859","Western Africa","905","81","Ghana","288","GH","GHA"
"5000","Western Asia","001","112","Jordan","400","JO","JOR"
"5000","Western Asia","001","13","Bahrain","048","BH","BHR"
"5000","Western Asia","001","221","Oman","512","OM","OMN"
"5000","Western Asia","001","223","Türkiye","792","TR","TUR"
"5000","Western Asia","001","225","United Arab Emirates","784","AE","ARE"
"5000","Western Asia","001","249","Yemen","887","YE","YEM"
"5000","Western Asia","001","73","Georgia","268","GE","GEO"
"5300","Western Asia","142","103","Iraq","368","IQ","IRQ"
"5300","Western Asia","142","105","Israel","376","IL","ISR"
"5300","Western Asia","142","13","Bahrain","048","BH","BHR"
"5300","Western Asia","142","194","Saudi Arabia","682","SA","SAU"
"5300","Western Asia","142","221","Oman","512","OM","OMN"
"5300","Western Asia","142","223","Türkiye","792","TR","TUR"
"5300","Western Asia","142","225","United Arab Emirates","784","AE","ARE"
"5815","Western Asia","901","212","Syrian Arab Republic","760","SY","SYR"
"5858","Western Asia","904","212","Syrian Arab Republic","760","SY","SYR"
"9010","Western Asia","903","225","United Arab Emirates","784","AE","ARE"
"9010","Western Asia","903","50","Cyprus","196","CY","CYP"
"9011","Western Asia","906","103","Iraq","368","IQ","IRQ"
"5000","Western Asia and Northern Africa","001","179","Qatar","634","QA","QAT"
"5000","Western Asia and Northern Africa","001","52","Azerbaijan","031","AZ","AZE"
"5100","Western Asia and Northern Africa","002","124","Libya","434","LY","LBY"
"5859","Western Asia and Northern Africa","905","299","Palestine","275","F299","PSE"
"5000","Western Europe","001","211","Switzerland","756","CH","CHE"
"5000","Western Europe","001","255","Belgium","056","BE","BEL"
"5000","Western Europe","001","256","Luxembourg","442","LU","LUX"
"5000","Western Europe","001","68","France","250","FR","FRA"
"5000","Western Europe","001","79","Germany","276","DE","DEU"
"5400","Western Europe","150","211","Switzerland","756","CH","CHE"
"5707","Western Europe","097","11","Austria","040","AT","AUT"
"9010","Western Europe","903","211","Switzerland","756","CH","CHE"
"5100","World","002","107","Côte d'Ivoire","384","CI","CIV"
"5100","World","002","137","Mauritius","480","MU","MUS"
"5100","World","002","159","Nigeria","566","NG","NGA"
"5100","World","002","182","Réunion","638","RE","REU"
"5100","World","002","196","Seychelles","690","SC","SYC"
"5100","World","002","202","South Africa","710","ZA","ZAF"
"5100","World","002","209","Eswatini","748","SZ","SWZ"
"5100","World","002","46","Congo","178","CG","COG"
"5100","World","002","53","Benin","204","BJ","BEN"
"5100","World","002","59","Egypt","818","EG","EGY"
"5100","World","002","61","Equatorial Guinea","226","GQ","GNQ"
"5101","World","014","226","Uganda","800","UG","UGA"
"5101","World","014","29","Burundi","108","BI","BDI"
"5102","World","017","39","Chad","148","TD","TCD"
"5103","World","015","124","Libya","434","LY","LBY"
"5103","World","015","143","Morocco","504","MA","MAR"
"5103","World","015","206","Sudan (former)","736","F206","F206"
"5103","World","015","59","Egypt","818","EG","EGY"
"5104","World","018","147","Namibia","516","NA","NAM"
"5104","World","018","209","Eswatini","748","SZ","SWZ"
"5105","World","011","107","Côte d'Ivoire","384","CI","CIV"
"5105","World","011","123","Liberia","430","LR","LBR"
"5105","World","011","133","Mali","466","ML","MLI"
"5105","World","011","158","Niger","562","NE","NER"
"5105","World","011","35","Cabo Verde","132","CV","CPV"
"5200","World","019","135","Martinique","474","MQ","MTQ"
"5200","World","019","138","Mexico","484","MX","MEX"
"5200","World","019","142","Montserrat","500","MS","MSR"
"5200","World","019","169","Paraguay","600","PY","PRY"
"5200","World","019","189","Saint Lucia","662","LC","LCA"
"5200","World","019","19","Bolivia (Plurinational State of)","068","BO","BOL"
"5200","World","019","21","Brazil","076","BR","BRA"
"5200","World","019","234","Uruguay","858","UY","URY"
"5200","World","019","40","Chile","152","CL","CHL"
"5200","World","019","48","Costa Rica","188","CR","CRI"
"5200","World","019","55","Dominica","212","DM","DMA"
"5200","World","019","58","Ecuador","218","EC","ECU"
"5200","World","019","85","Greenland","304","GL","GRL"
"5200","World","019","9","Argentina","032","AR","ARG"
"5200","World","019","95","Honduras","340","HN","HND"
"5203","World","021","85","Greenland","304","GL","GRL"
"5204","World","013","138","Mexico","484","MX","MEX"
"5204","World","013","166","Panama","591","PA","PAN"
"5204","World","013","48","Costa Rica","188","CR","CRI"
"5204","World","013","95","Honduras","340","HN","HND"
"5205","World","419","14","Barbados","052","BB","BRB"
"5205","World","419","142","Montserrat","500","MS","MSR"
"5205","World","419","157","Nicaragua","558","NI","NIC"
"5205","World","419","169","Paraguay","600","PY","PRY"
"5205","World","419","19","Bolivia (Plurinational State of)","068","BO","BOL"
"5205","World","419","21","Brazil","076","BR","BRA"
"5205","World","419","22","Aruba","533","AW","ABW"
"5205","World","419","23","Belize","084","BZ","BLZ"
"5205","World","419","236","Venezuela (Bolivarian Republic of)","862","VE","VEN"
"5205","World","419","58","Ecuador","218","EC","ECU"
"5205","World","419","93","Haiti","332","HT","HTI"
"5205","World","419","95","Honduras","340","HN","HND"
"5206","World","029","12","Bahamas","044","BS","BHS"
"5206","World","029","142","Montserrat","500","MS","MSR"
"5206","World","029","188","Saint Kitts and Nevis","659","KN","KNA"
"5206","World","029","189","Saint Lucia","662","LC","LCA"
"5206","World","029","239","British Virgin Islands","092","VG","VGB"
"5206","World","029","55","Dominica","212","DM","DMA"
"5206","World","029","8","Antigua and Barbuda","028","AG","ATG"
"5206","World","029","87","Guadeloupe","312","GP","GLP"
"5207","World","005","207","Suriname","740","SR","SUR"
"5207","World","005","21","Brazil","076","BR","BRA"
"5207","World","005","234","Uruguay","858","UY","URY"
"5207","World","005","69","French Guiana","254","GF","GUF"
"5300","World","142","101","Indonesia","360","ID","IDN"
"5300","World","142","108","Kazakhstan","398","KZ","KAZ"
"5300","World","142","112","Jordan","400","JO","JOR"
"5300","World","142","113","Kyrgyzstan","417","KG","KGZ"
"5300","World","142","117","Republic of Korea","410","KR","KOR"
"5300","World","142","121","Lebanon","422","LB","LBN"
"5300","World","142","131","Malaysia","458","MY","MYS"
"5300","World","142","176","Timor-Leste","626","TL","TLS"
"5300","World","142","179","Qatar","634","QA","QAT"
"5300","World","142","18","Bhutan","064","BT","BTN"
"5300","World","142","208","Tajikistan","762","TJ","TJK"
"5300","World","142","216","Thailand","764","TH","THA"
"5300","World","142","235","Uzbekistan","860","UZ","UZB"
"5300","World","142","237","Viet Nam","704","VN","VNM"
"5300","World","142","351","China","159","F351","F351"
"5300","World","142","38","Sri Lanka","144","LK","LKA"
"5300","World","142","52","Azerbaijan","031","AZ","AZE"
"5300","World","142","73","Georgia","268","GE","GEO"
"5300","World","142","96","China, Hong Kong SAR","344","HK","HKG"
"5301","World","143","208","Tajikistan","762","TJ","TJK"
"5301","World","143","235","Uzbekistan","860","UZ","UZB"
"5303","World","034","18","Bhutan","064","BT","BTN"
"5303","World","034","2","Afghanistan","004","AF","AFG"
"5303","World","034","38","Sri Lanka","144","LK","LKA"
"5304","World","035","115","Cambodia","116","KH","KHM"
"5304","World","035","120","Lao People's Democratic Republic","418","LA","LAO"
"5304","World","035","131","Malaysia","458","MY","MYS"
"5304","World","035","171","Philippines","608","PH","PHL"
"5304","World","035","176","Timor-Leste","626","TL","TLS"
"5304","World","035","216","Thailand","764","TH","THA"
"5304","World","035","237","Viet Nam","704","VN","VNM"
"5305","World","145","103","Iraq","368","IQ","IRQ"
"5305","World","145","105","Israel","376","IL","ISR"
"5305","World","145","118","Kuwait","414","KW","KWT"
"5305","World","145","121","Lebanon","422","LB","LBN"
"5305","World","145","194","Saudi Arabia","682","SA","SAU"
"5305","World","145","223","Türkiye","792","TR","TUR"
"5305","World","145","225","United Arab Emirates","784","AE","ARE"
"5305","World","145","246","Yemen Ar Rp","886","F246","F246"
"5305","World","145","249","Yemen","887","YE","YEM"
"5305","World","145","52","Azerbaijan","031","AZ","AZE"
"5400","World","150","119","Latvia","428","LV","LVA"
"5400","World","150","146","Republic of Moldova","498","MD","MDA"
"5400","World","150","154","North Macedonia","807","MK","MKD"
"5400","World","150","173","Poland","616","PL","POL"
"5400","World","150","174","Portugal","620","PT","PRT"
"5400","World","150","185","Russian Federation","643","RU","RUS"
"5400","World","150","192","San Marino","674","SM","SMR"
"5400","World","150","199","Slovakia","703","SK","SVK"
"5400","World","150","203","Spain","724","ES","ESP"
"5400","World","150","210","Sweden","752","SE","SWE"
"5400","World","150","229","United Kingdom of Great Britain and Northern Ireland","826","GB","GBR"
"5400","World","150","255","Belgium","056","BE","BEL"
"5400","World","150","273","Montenegro","499","ME","MNE"
"5400","World","150","283","Jersey","832","F283","JEY"
"5400","World","150","3","Albania","008","AL","ALB"
"5400","World","150","57","Belarus","112","BY","BLR"
"5400","World","150","67","Finland","246","FI","FIN"
"5400","World","150","68","France","250","FR","FRA"
"5400","World","150","80","Bosnia and Herzegovina","070","BA","BIH"
"5400","World","150","98","Croatia","191","HR","HRV"
"5400","World","150","99","Iceland","352","IS","ISL"
"5401","World","151","173","Poland","616","PL","POL"
"5401","World","151","199","Slovakia","703","SK","SVK"
"5401","World","151","27","Bulgaria","100","BG","BGR"
"5402","World","154","104","Ireland","372","IE","IRL"
"5402","World","154","283","Jersey","832","F283","JEY"
"5402","World","154","284","Åland Islands","248","F284","ALA"
"5402","World","154","67","Finland","246","FI","FIN"
"5403","World","039","154","North Macedonia","807","MK","MKD"
"5403","World","039","174","Portugal","620","PT","PRT"
"5403","World","039","203","Spain","724","ES","ESP"
"5403","World","039","272","Serbia","688","RS","SRB"
"5403","World","039","273","Montenegro","499","ME","MNE"
"5403","World","039","3","Albania","008","AL","ALB"
"5403","World","039","80","Bosnia and Herzegovina","070","BA","BIH"
"5403","World","039","82","Gibraltar","292","GI","GIB"
"5404","World","155","150","Netherlands (Kingdom of the)","528","NL","NLD"
"5404","World","155","211","Switzerland","756","CH","CHE"
"5500","World","009","153","New Caledonia","540","NC","NCL"
"5500","World","009","155","Vanuatu","548","VU","VUT"
"5500","World","009","47","Cook Islands","184","CK","COK"
"5500","World","009","88","Guam","316","GU","GUM"
"5501","World","053","156","New Zealand","554","NZ","NZL"
"5504","World","061","47","Cook Islands","184","CK","COK"
"5707","World","097","126","Lithuania","440","LT","LTU"
"5707","World","097","134","Malta","470","MT","MLT"
"5707","World","097","150","Netherlands (Kingdom of the)","528","NL","NLD"
"5707","World","097","174","Portugal","620","PT","PRT"
"5707","World","097","198","Slovenia","705","SI","SVN"
"5707","World","097","54","Denmark","208","DK","DNK"
"5707","World","097","67","Finland","246","FI","FIN"
"5707","World","097","98","Croatia","191","HR","HRV"
"5801","World","199","120","Lao People's Democratic Republic","418","LA","LAO"
"5801","World","199","16","Bangladesh","050","BD","BGD"
"5801","World","199","193","Sao Tome and Principe","678","ST","STP"
"5801","World","199","195","Senegal","686","SN","SEN"
"5801","World","199","206","Sudan (former)","736","F206","F206"
"5801","World","199","246","Yemen Ar Rp","886","F246","F246"
"5801","World","199","251","Zambia","894","ZM","ZMB"
"5801","World","199","276","Sudan","729","SD","SDN"
"5801","World","199","37","Central African Republic","140","CF","CAF"
"5801","World","199","72","Djibouti","262","DJ","DJI"
"5802","World","432","158","Niger","562","NE","NER"
"5802","World","432","18","Bhutan","064","BT","BTN"
"5802","World","432","181","Zimbabwe","716","ZW","ZWE"
"5802","World","432","19","Bolivia (Plurinational State of)","068","BO","BOL"
"5802","World","432","2","Afghanistan","004","AF","AFG"
"5802","World","432","29","Burundi","108","BI","BDI"
"5802","World","432","37","Central African Republic","140","CF","CAF"
"5802","World","432","52","Azerbaijan","031","AZ","AZE"
"5803","World","722","137","Mauritius","480","MU","MUS"
"5803","World","722","14","Barbados","052","BB","BRB"
"5803","World","722","168","Papua New Guinea","598","PG","PNG"
"5803","World","722","17","Bermuda","060","BM","BMU"
"5803","World","722","177","Puerto Rico","630","PR","PRI"
"5803","World","722","188","Saint Kitts and Nevis","659","KN","KNA"
"5803","World","722","191","Saint Vincent and the Grenadines","670","VC","VCT"
"5803","World","722","207","Suriname","740","SR","SUR"
"5803","World","722","25","Solomon Islands","090","SB","SLB"
"5815","World","901","157","Nicaragua","558","NI","NIC"
"5815","World","901","158","Niger","562","NE","NER"
"5815","World","901","2","Afghanistan","004","AF","AFG"
"5815","World","901","206","Sudan (former)","736","F206","F206"
"5815","World","901","215","United Republic of Tanzania","834","TZ","TZA"
"5815","World","901","226","Uganda","800","UG","UGA"
"5815","World","901","235","Uzbekistan","860","UZ","UZB"
"5815","World","901","46","Congo","178","CG","COG"
"5817","World","902","115","Cambodia","116","KH","KHM"
"5817","World","902","144","Mozambique","508","MZ","MOZ"
"5817","World","902","158","Niger","562","NE","NER"
"5817","World","902","176","Timor-Leste","626","TL","TLS"
"5817","World","902","206","Sudan (former)","736","F206","F206"
"5817","World","902","222","Tunisia","788","TN","TUN"
"5817","World","902","246","Yemen Ar Rp","886","F246","F246"
"5817","World","902","251","Zambia","894","ZM","ZMB"
"5817","World","902","276","Sudan","729","SD","SDN"
"5817","World","902","37","Central African Republic","140","CF","CAF"
"5817","World","902","38","Sri Lanka","144","LK","LKA"
"5817","World","902","83","Kiribati","296","KI","KIR"
"5817","World","902","86","Grenada","308","GD","GRD"
"5858","World","904","158","Niger","562","NE","NER"
"5858","World","904","2","Afghanistan","004","AF","AFG"
"5858","World","904","233","Burkina Faso","854","BF","BFA"
"5858","World","904","37","Central African Republic","140","CF","CAF"
"5859","World","905","112","Jordan","400","JO","JOR"
"5859","World","905","115","Cambodia","116","KH","KHM"
"5859","World","905","121","Lebanon","422","LB","LBN"
"5859","World","905","122","Lesotho","426","LS","LSO"
"5859","World","905","157","Nicaragua","558","NI","NIC"
"5859","World","905","16","Bangladesh","050","BD","BGD"
"5859","World","905","165","Pakistan","586","PK","PAK"
"5859","World","905","171","Philippines","608","PH","PHL"
"5859","World","905","18","Bhutan","064","BT","BTN"
"5859","World","905","237","Viet Nam","704","VN","VNM"
"5859","World","905","251","Zambia","894","ZM","ZMB"
"5859","World","905","38","Sri Lanka","144","LK","LKA"
"5859","World","905","46","Congo","178","CG","COG"
"5859","World","905","59","Egypt","818","EG","EGY"
"5859","World","905","95","Honduras","340","HN","HND"
"9010","World","903","117","Republic of Korea","410","KR","KOR"
"9010","World","903","119","Latvia","428","LV","LVA"
"9010","World","903","13","Bahrain","048","BH","BHR"
"9010","World","903","134","Malta","470","MT","MLT"
"9010","World","903","150","Netherlands (Kingdom of the)","528","NL","NLD"
"9010","World","903","156","New Zealand","554","NZ","NZL"
"9010","World","903","17","Bermuda","060","BM","BMU"
"9010","World","903","174","Portugal","620","PT","PRT"
"9010","World","903","188","Saint Kitts and Nevis","659","KN","KNA"
"9010","World","903","196","Seychelles","690","SC","SYC"
"9010","World","903","203","Spain","724","ES","ESP"
"9010","World","903","234","Uruguay","858","UY","URY"
"9010","World","903","256","Luxembourg","442","LU","LUX"
"9010","World","903","264","Isle of Man","833","IM","IMN"
"9010","World","903","63","Estonia","233","EE","EST"
"9010","World","903","67","Finland","246","FI","FIN"
"9010","World","903","79","Germany","276","DE","DEU"
"9010","World","903","82","Gibraltar","292","GI","GIB"
"9011","World","906","141","Mongolia","496","MN","MNG"
"9011","World","906","146","Republic of Moldova","498","MD","MDA"
"9011","World","906","154","North Macedonia","807","MK","MKD"
"9011","World","906","189","Saint Lucia","662","LC","LCA"
"9011","World","906","20","Botswana","072","BW","BWA"
"9011","World","906","207","Suriname","740","SR","SUR"
"9011","World","906","216","Thailand","764","TH","THA"
"9011","World","906","273","Montenegro","499","ME","MNE"
"9011","World","906","44","Colombia","170","CO","COL"
"9011","World","906","52","Azerbaijan","031","AZ","AZE"
"9011","World","906","58","Ecuador","218","EC","ECU"
"9011","World","906","61","Equatorial Guinea","226","GQ","GNQ"
"9011","World","906","9","Argentina","032","AR","ARG"
